{
  "$schema": "https://schema.management.azure.com/schemas/2019-04-01/deploymentTemplate.json#",
  "contentVersion": "1.0.0.0",
  "metadata": {
    "author": "Microsoft - support@microsoft.com",
    "comments": "Solution template for Panorays"
  },
  "parameters": {
    "location": {
      "type": "string",
      "minLength": 1,
      "defaultValue": "[resourceGroup().location]",
      "metadata": {
        "description": "Not used, but needed to pass arm-ttk test `Location-Should-Not-Be-Hardcoded`.  We instead use the `workspace-location` which is derived from the LA workspace"
      }
    },
    "workspace-location": {
      "type": "string",
      "defaultValue": "",
      "metadata": {
        "description": "[concat('Region to deploy solution resources -- separate from location selection',parameters('location'))]"
      }
    },
    "workspace": {
      "defaultValue": "",
      "type": "string",
      "metadata": {
        "description": "Workspace name for Log Analytics where Microsoft Sentinel is setup"
      }
    },
    "resourceGroupName": {
      "type": "string",
      "defaultValue": "[resourceGroup().name]",
      "metadata": {
        "description": "resource group name where Microsoft Sentinel is setup"
      }
    },
    "subscription": {
      "type": "string",
      "defaultValue": "[last(split(subscription().id, '/'))]",
      "metadata": {
        "description": "subscription id where Microsoft Sentinel is setup"
      }
    }
  },
  "variables": {
    "email": "support@microsoft.com",
    "_email": "[variables('email')]",
    "_solutionName": "Panorays",
    "_solutionVersion": "3.0.0",
    "solutionId": "azuresentinel.azure-sentinel-solution-panprays",
    "_solutionId": "[variables('solutionId')]",
    "workspaceResourceId": "[resourceId('microsoft.OperationalInsights/Workspaces', parameters('workspace'))]",
    "dataConnectorCCPVersion": "1.0.0",
    "_dataConnectorContentIdConnectorDefinition1": "ccpPanoraysCompanyFindingPOC",
    "dataConnectorTemplateNameConnectorDefinition1": "[concat(parameters('workspace'),'-dc-',uniquestring(variables('_dataConnectorContentIdConnectorDefinition1')))]",
    "_dataConnectorContentIdConnections1": "ccpPanoraysCompanyFindingPOCConnections",
    "dataConnectorTemplateNameConnections1": "[concat(parameters('workspace'),'-dc-',uniquestring(variables('_dataConnectorContentIdConnections1')))]",
    "blanks": "[replace('b', 'b', '')]",
    "_solutioncontentProductId": "[concat(take(variables('_solutionId'),50),'-','sl','-', uniqueString(concat(variables('_solutionId'),'-','Solution','-',variables('_solutionId'),'-', variables('_solutionVersion'))))]"
  },
  "resources": [
    {
      "type": "Microsoft.OperationalInsights/workspaces/providers/contentTemplates",
      "apiVersion": "2023-04-01-preview",
      "name": "[concat(parameters('workspace'),'/Microsoft.SecurityInsights/', variables('dataConnectorTemplateNameConnectorDefinition1'), variables('dataConnectorCCPVersion'))]",
      "location": "[parameters('workspace-location')]",
      "dependsOn": [
        "[extensionResourceId(resourceId('Microsoft.OperationalInsights/workspaces', parameters('workspace')), 'Microsoft.SecurityInsights/contentPackages', variables('_solutionId'))]"
      ],
      "properties": {
        "contentId": "[variables('_dataConnectorContentIdConnectorDefinition1')]",
        "displayName": "Panorays",
        "contentKind": "DataConnector",
        "mainTemplate": {
          "$schema": "https://schema.management.azure.com/schemas/2019-04-01/deploymentTemplate.json#",
          "contentVersion": "[variables('dataConnectorCCPVersion')]",
          "parameters": {},
          "variables": {},
          "resources": [
            {
              "name": "[concat(parameters('workspace'),'/Microsoft.SecurityInsights/',variables('_dataConnectorContentIdConnectorDefinition1'))]",
              "apiVersion": "2022-09-01-preview",
              "type": "Microsoft.OperationalInsights/workspaces/providers/dataConnectorDefinitions",
              "location": "[parameters('workspace-location')]",
              "kind": "Customizable",
              "properties": {
                "connectorUiConfig": {
                  "id": "ccpPanoraysCompanyFindingPOC",
                  "title": "Panorays",
                  "publisher": "Microsoft",
                  "descriptionMarkdown": "The [Panorays](https://panorays-papi-v2-documentation.redocly.app/#api-access) data connector allows ingesting company findings from the Panorays API into Microsoft Sentinel. The data connector is built on Microsoft Sentinel Codeless Connector Platform. It uses the Panorays API to fetch data and it supports DCR-based [ingestion time transformations](https://docs.microsoft.com/azure/azure-monitor/logs/custom-logs-overview) that parses the received security data into a custom table so that queries don't need to parse it again, thus resulting in better performance.",
                  "graphQueriesTableName": "PanoraysCompanyFindingPOC_CL",
                  "graphQueries": [
                    {
                      "metricName": "Total findings found",
                      "legend": "Comnapny Findings",
                      "baseQuery": "{{graphQueriesTableName}}"
                    }
                  ],
                  "sampleQueries": [
                    {
                      "description": "Get Sample of Panorays Company Findings",
                      "query": "{{graphQueriesTableName}}\n | take 10"
                    }
                  ],
                  "dataTypes": [
                    {
                      "name": "{{graphQueriesTableName}}",
                      "lastDataReceivedQuery": "{{graphQueriesTableName}}\n   | summarize Time = max(TimeGenerated)\n            | where isnotempty(Time)"
                    }
                  ],
                  "connectivityCriteria": [
                    {
                      "type": "HasDataConnectors",
                      "value": null
                    }
                  ],
                  "availability": {
                    "status": 1,
                    "isPreview": false
                  },
                  "permissions": {
                    "tenant": null,
                    "licenses": null,
                    "resourceProvider": [
                      {
                        "provider": "Microsoft.OperationalInsights/workspaces",
                        "permissionsDisplayText": "Read and Write permissions are required.",
                        "providerDisplayName": "Workspace",
                        "scope": "Workspace",
                        "requiredPermissions": {
                          "read": true,
                          "write": true,
                          "delete": true,
                          "action": false
                        }
                      }
                    ]
                  },
                  "instructionSteps": [
                    {
                      "instructions": [
                        {
                          "type": "Markdown",
                          "parameters": {
                            "content": "#### Configuration steps for the Panorays API \n Follow the instructions to obtain the credentials. "
                          }
                        },
                        {
                          "type": "Markdown",
                          "parameters": {
                            "content": "#### 1. Retrieve Panorays API Token from here: https://www.panoraysapp.com/profile/api_tokens"
                          }
                        },
                        {
                          "parameters": {
                            "label": "Panorays Management URL",
                            "placeholder": "https://www.panoraysapp.com/",
                            "type": "text",
                            "name": "managementUrl"
                          },
                          "type": "Textbox"
                        },
                        {
                          "parameters": {
                            "label": "API Token",
                            "placeholder": "API Token",
                            "type": "securestring",
                            "name": "apitoken"
                          },
                          "type": "Textbox"
                        },
                        {
                          "parameters": {
                            "label": "toggle",
                            "name": "toggle"
                          },
                          "type": "ConnectionToggleButton"
                        }
                      ],
                      "innerSteps": null
                    }
                  ],
                  "isConnectivityCriteriasMatchSome": false
                }
              }
            },
            {
              "name": "[concat(parameters('workspace'),'/Microsoft.SecurityInsights/',concat('DataConnector-', variables('_dataConnectorContentIdConnectorDefinition1')))]",
              "apiVersion": "2022-01-01-preview",
              "type": "Microsoft.OperationalInsights/workspaces/providers/metadata",
              "properties": {
                "parentId": "[extensionResourceId(resourceId('Microsoft.OperationalInsights/workspaces', parameters('workspace')), 'Microsoft.SecurityInsights/dataConnectorDefinitions', variables('_dataConnectorContentIdConnectorDefinition1'))]",
                "contentId": "[variables('_dataConnectorContentIdConnectorDefinition1')]",
                "kind": "DataConnector",
                "version": "[variables('dataConnectorCCPVersion')]",
                "source": {
                  "sourceId": "[variables('_solutionId')]",
                  "name": "[variables('_solutionName')]",
                  "kind": "Solution"
                },
                "author": {
                  "name": "Microsoft",
                  "email": "[variables('_email')]"
                },
                "support": {
                  "name": "Microsoft Corporation",
                  "email": "support@microsoft.com",
                  "tier": "Microsoft",
                  "link": "https://support.microsoft.com"
                },
                "dependencies": {
                  "criteria": [
                    {
                      "version": "[variables('dataConnectorCCPVersion')]",
                      "contentId": "[variables('_dataConnectorContentIdConnections1')]",
                      "kind": "ResourcesDataConnector"
                    }
                  ]
                }
              }
            },
            {
              "name": "PanoraysCompanyFindingsDCR",
              "apiVersion": "2022-06-01",
              "type": "Microsoft.Insights/dataCollectionRules",
              "location": "[parameters('workspace-location')]",
              "kind": "[variables('blanks')]",
              "properties": {
                "streamDeclarations": {
                  "Custom-PanoraysCompanyFindings_API": {
                    "columns": [
                      {
                        "name": "status",
                        "type": "string",
                        "description": "The status attribute. Possible values: OPEN, DONE"
                      },
                      {
                        "name": "id",
                        "type": "string",
                        "description": "The unique identifier for the record."
                      },
                      {
                        "name": "metadata",
                        "type": "string",
                        "description": "The finding metadata."
                      },
                      {
                        "name": "cves",
                        "type": "string",
                        "description": "The primary description of the event."
                      },
                      {
                        "name": "asset_name",
                        "type": "string",
                        "description": "The company asset name."
                      },
                      {
                        "name": "category",
                        "type": "string",
                        "description": "The finding category."
                      },
                      {
                        "name": "sub_category",
                        "type": "string",
                        "description": "The finding sub-category."
                      },
                      {
                        "name": "test_text",
                        "type": "string",
                        "description": "test_text."
                      },
                      {
                        "name": "insert_ts",
                        "type": "string",
                        "description": "The timestamp (UTC) when the record was created."
                      },
                      {
                        "name": "update_ts",
                        "type": "string",
                        "description": "The timestamp (UTC) when the record was last updated."
                      },
                      {
                        "name": "test_name",
                        "type": "string",
                        "description": "test_name"
                      },
                      {
                        "name": "segments",
                        "type": "Array",
                        "description": "The hash associated with the event."
                      }
                    ]
                  }
                },
                "destinations": {
                  "logAnalytics": [
                    {
                      "workspaceResourceId": "[variables('workspaceResourceId')]",
                      "name": "clv2ws1"
                    }
                  ]
                },
                "dataFlows": [
                  {
                    "streams": [
                      "Custom-PanoraysCompanyFindings_API"
                    ],
                    "destinations": [
                      "clv2ws1"
                    ],
                    "transformKql": "source | project TimeGenerated = createdAt, AgentUpdatedVersion = agentUpdatedVersion, UserId = userId, ThreatId = threatId, PrimaryDescription = primaryDescription, SecondaryDescription = secondaryDescription, Id = id, GroupId = groupId, CreatedAt = createdAt, AccountName = accountName, Data = data, AgentId = agentId, Hash = hash, UpdatedAt = todatetime(updatedAt), Description = description, ActivityUuid = activityUuid, SiteId = siteId, ActivityType = activityType, SiteName = siteName, AccountId = accountId, OsFamily = osFamily, GroupName = groupName, Comments = comments",
                    "outputStream": "Custom-PanoraysCompanyFindings_CL"
                  }
                ],
                "dataCollectionEndpointId": "[concat('/subscriptions/',parameters('subscription'),'/resourceGroups/',parameters('resourceGroupName'),'/providers/Microsoft.Insights/dataCollectionEndpoints/',parameters('workspace'))]"
              }
            },
            {
              "name": "PanoraysCompanyFindingPOC_CL",
              "apiVersion": "2022-10-01",
              "type": "Microsoft.OperationalInsights/workspaces/tables",
              "location": "[parameters('workspace-location')]",
              "kind": null,
              "properties": {
                "schema": {
                  "name": "PanoraysCompanyFindingPOC_CL",
                  "columns": [
                    {
                      "name": "asset_name",
                      "type": "string",
                      "description": "asset_name"
                    },
                    {
                      "name": "TimeGenerated",
                      "type": "datetime",
                      "isDefaultDisplay": true,
                      "description": "The timestamp (UTC) reflecting the time in which the event was generated."
                    },
                    {
                      "name": "category",
                      "type": "string",
                      "description": "category"
                    },
                    {
                      "name": "cves",
                      "type": "dynamic",
                      "description": "Common Vulnerabilities and Exposures"
                    },
                    {
                      "name": "description",
                      "type": "string",
                      "description": "description"
                    },
                    {
                      "name": "evidence",
                      "type": "dynamic",
                      "description": "evidence"
                    },
                    {
                      "name": "finding_text",
                      "type": "string",
                      "description": "finding_text"
                    },
                    {
                      "name": "id",
                      "type": "string",
                      "description": "id"
                    },
                    {
                      "name": "is_hidden",
                      "type": "boolean",
                      "description": "Is hidden"
                    },
                    {
                      "name": "metadata",
                      "type": "dynamic",
                      "description": "metadata"
                    },
                    {
                      "name": "previously_disputed",
                      "type": "boolean",
                      "description": "Previously disputed flag"
                    },
                    {
                      "name": "segments",
                      "type": "dynamic",
                      "description": "Segments"
                    },
                    {
                      "name": "severity",
                      "type": "string",
                      "description": "severity"
                    },
                    {
                      "name": "status",
                      "type": "string",
                      "description": "status"
                    },
                    {
                      "name": "status_update_ts",
                      "type": "string",
                      "description": "Last status update timestamp"
                    },
                    {
                      "name": "sub_category",
                      "type": "string",
                      "description": "Sub category"
                    },
                    {
                      "name": "test_name",
                      "type": "string",
                      "description": "test name"
                    },
                    {
                      "name": "test_text",
                      "type": "string",
                      "description": "test text"
                    },
                    {
                      "name": "update_ts",
                      "type": "datetime",
                      "description": "Last update timestamp"
                    },
                    {
                      "name": "updated_by",
                      "type": "string",
                      "description": "Last update user"
                    }
                  ]
                }
              }
            }
          ]
        },
        "packageKind": "Solution",
        "packageVersion": "[variables('_solutionVersion')]",
        "packageName": "[variables('_solutionName')]",
        "contentProductId": "[concat(take(variables('_solutionId'), 50),'-','dc','-', uniqueString(concat(variables('_solutionId'),'-','DataConnector','-',variables('_dataConnectorContentIdConnectorDefinition1'),'-', variables('dataConnectorCCPVersion'))))]",
        "packageId": "[variables('_solutionId')]",
        "contentSchemaVersion": "3.0.0",
        "version": "[variables('dataConnectorCCPVersion')]"
      }
    },
    {
      "name": "[concat(parameters('workspace'),'/Microsoft.SecurityInsights/',variables('_dataConnectorContentIdConnectorDefinition1'))]",
      "apiVersion": "2022-09-01-preview",
      "type": "Microsoft.OperationalInsights/workspaces/providers/dataConnectorDefinitions",
      "location": "[parameters('workspace-location')]",
      "kind": "Customizable",
      "properties": {
        "connectorUiConfig": {
          "id": "ccpPanoraysCompanyFindingPOC",
          "title": "Panorays",
          "publisher": "Microsoft",
          "descriptionMarkdown": "The [Panorays](https://panorays-papi-v2-documentation.redocly.app/#api-access) data connector allows ingesting company findings from the Panorays API into Microsoft Sentinel. The data connector is built on Microsoft Sentinel Codeless Connector Platform. It uses the Panorays API to fetch data and it supports DCR-based [ingestion time transformations](https://docs.microsoft.com/azure/azure-monitor/logs/custom-logs-overview) that parses the received security data into a custom table so that queries don't need to parse it again, thus resulting in better performance.",
          "graphQueriesTableName": "PanoraysCompanyFindingPOC_CL",
          "graphQueries": [
            {
              "metricName": "Total findings found",
              "legend": "Comnapny Findings",
              "baseQuery": "{{graphQueriesTableName}}"
            }
          ],
          "sampleQueries": [
            {
              "description": "Get Sample of Panorays Company Findings",
              "query": "{{graphQueriesTableName}}\n | take 10"
            }
          ],
          "dataTypes": [
            {
              "name": "{{graphQueriesTableName}}",
              "lastDataReceivedQuery": "{{graphQueriesTableName}}\n   | summarize Time = max(TimeGenerated)\n            | where isnotempty(Time)"
            }
          ],
          "connectivityCriteria": [
            {
              "type": "HasDataConnectors",
              "value": null
            }
          ],
          "availability": {
            "status": 1,
            "isPreview": false
          },
          "permissions": {
            "tenant": null,
            "licenses": null,
            "resourceProvider": [
              {
                "provider": "Microsoft.OperationalInsights/workspaces",
                "permissionsDisplayText": "Read and Write permissions are required.",
                "providerDisplayName": "Workspace",
                "scope": "Workspace",
                "requiredPermissions": {
                  "read": true,
                  "write": true,
                  "delete": true,
                  "action": false
                }
              }
            ]
          },
          "instructionSteps": [
            {
              "instructions": [
                {
                  "type": "Markdown",
                  "parameters": {
                    "content": "#### Configuration steps for the Panorays API \n Follow the instructions to obtain the credentials. "
                  }
                },
                {
                  "type": "Markdown",
                  "parameters": {
                    "content": "#### 1. Retrieve Panorays API Token from here: https://www.panoraysapp.com/profile/api_tokens"
                  }
                },
                {
                  "parameters": {
                    "label": "Panorays Management URL",
                    "placeholder": "https://www.panoraysapp.com/",
                    "type": "text",
                    "name": "managementUrl"
                  },
                  "type": "Textbox"
                },
                {
                  "parameters": {
                    "label": "API Token",
                    "placeholder": "API Token",
                    "type": "securestring",
                    "name": "apitoken"
                  },
                  "type": "Textbox"
                },
                {
                  "parameters": {
                    "label": "toggle",
                    "name": "toggle"
                  },
                  "type": "ConnectionToggleButton"
                }
              ],
              "innerSteps": null
            }
          ],
          "isConnectivityCriteriasMatchSome": false
        }
      }
    },
    {
      "name": "[concat(parameters('workspace'),'/Microsoft.SecurityInsights/',concat('DataConnector-', variables('_dataConnectorContentIdConnectorDefinition1')))]",
      "apiVersion": "2022-01-01-preview",
      "type": "Microsoft.OperationalInsights/workspaces/providers/metadata",
      "properties": {
        "parentId": "[extensionResourceId(resourceId('Microsoft.OperationalInsights/workspaces', parameters('workspace')), 'Microsoft.SecurityInsights/dataConnectorDefinitions', variables('_dataConnectorContentIdConnectorDefinition1'))]",
        "contentId": "[variables('_dataConnectorContentIdConnectorDefinition1')]",
        "kind": "DataConnector",
        "version": "[variables('dataConnectorCCPVersion')]",
        "source": {
          "sourceId": "[variables('_solutionId')]",
          "name": "[variables('_solutionName')]",
          "kind": "Solution"
        },
        "author": {
          "name": "Microsoft",
          "email": "[variables('_email')]"
        },
        "support": {
          "name": "Microsoft Corporation",
          "email": "support@microsoft.com",
          "tier": "Microsoft",
          "link": "https://support.microsoft.com"
        },
        "dependencies": {
          "criteria": [
            {
              "version": "[variables('dataConnectorCCPVersion')]",
              "contentId": "[variables('_dataConnectorContentIdConnections1')]",
              "kind": "ResourcesDataConnector"
            }
          ]
        }
      }
    },
    {
      "type": "Microsoft.OperationalInsights/workspaces/providers/contentTemplates",
      "apiVersion": "2023-04-01-preview",
      "name": "[concat(parameters('workspace'),'/Microsoft.SecurityInsights/', variables('dataConnectorTemplateNameConnections1'), variables('dataConnectorCCPVersion'))]",
      "location": "[parameters('workspace-location')]",
      "dependsOn": [
        "[extensionResourceId(resourceId('Microsoft.OperationalInsights/workspaces', parameters('workspace')), 'Microsoft.SecurityInsights/contentPackages', variables('_solutionId'))]"
      ],
      "properties": {
        "contentId": "[variables('_dataConnectorContentIdConnections1')]",
        "displayName": "Panorays",
        "contentKind": "ResourcesDataConnector",
        "mainTemplate": {
          "$schema": "https://schema.management.azure.com/schemas/2019-04-01/deploymentTemplate.json#",
          "contentVersion": "[variables('dataConnectorCCPVersion')]",
          "parameters": {
            "guidValue": {
              "defaultValue": "[[newGuid()]",
              "type": "securestring"
            },
            "innerWorkspace": {
              "defaultValue": "[parameters('workspace')]",
              "type": "securestring"
            },
            "connectorDefinitionName": {
              "defaultValue": "Panorays",
              "type": "securestring",
              "minLength": 1
            },
            "workspace": {
              "defaultValue": "[parameters('workspace')]",
              "type": "securestring"
            },
            "dcrConfig": {
              "defaultValue": {
                "dataCollectionEndpoint": "data collection Endpoint",
                "dataCollectionRuleImmutableId": "data collection rule immutableId"
              },
              "type": "object"
            },
            "managementUrl": {
              "defaultValue": "managementUrl",
              "type": "securestring",
              "minLength": 1
            },
            "apitoken": {
              "defaultValue": "apitoken",
              "type": "securestring",
              "minLength": 1
            }
          },
          "variables": {
            "_dataConnectorContentIdConnections1": "[variables('_dataConnectorContentIdConnections1')]"
          },
          "resources": [
            {
              "name": "[concat(parameters('workspace'),'/Microsoft.SecurityInsights/',concat('DataConnector-', variables('_dataConnectorContentIdConnections1')))]",
              "apiVersion": "2022-01-01-preview",
              "type": "Microsoft.OperationalInsights/workspaces/providers/metadata",
              "properties": {
                "parentId": "[extensionResourceId(resourceId('Microsoft.OperationalInsights/workspaces', parameters('workspace')), 'Microsoft.SecurityInsights/dataConnectors', variables('_dataConnectorContentIdConnections1'))]",
                "contentId": "[variables('_dataConnectorContentIdConnections1')]",
                "kind": "ResourcesDataConnector",
                "version": "[variables('dataConnectorCCPVersion')]",
                "source": {
                  "sourceId": "[variables('_solutionId')]",
                  "name": "[variables('_solutionName')]",
                  "kind": "Solution"
                },
                "author": {
                  "name": "Microsoft",
                  "email": "[variables('_email')]"
                },
                "support": {
                  "name": "Microsoft Corporation",
                  "email": "support@microsoft.com",
                  "tier": "Microsoft",
                  "link": "https://support.microsoft.com"
                }
              }
            },
            {
              "name": "[[concat(parameters('innerWorkspace'),'/Microsoft.SecurityInsights/', 'Panorays_Company_Findings', parameters('guidValue'))]",
              "apiVersion": "2023-02-01-preview",
              "type": "Microsoft.OperationalInsights/workspaces/providers/dataConnectors",
              "location": "[parameters('workspace-location')]",
              "kind": "RestApiPoller",
              "properties": {
                "connectorDefinitionName": "ccpPanoraysCompanyFindingPOC",
                "dataType": "PanoraysCompanyFindingPOC_CL",
                "dcrConfig": {
                  "streamName": "Custom-PanoraysCompanyFindings_API",
                  "dataCollectionEndpoint": "[[parameters('dcrConfig').dataCollectionEndpoint]",
                  "dataCollectionRuleImmutableId": "[[parameters('dcrConfig').dataCollectionRuleImmutableId]"
                },
                "auth": {
                  "type": "APIKey",
                  "ApiKey": "[[parameters('apitoken')]",
                  "ApiKeyName": "Authorization",
                  "ApiKeyIdentifier": "ApiToken"
                },
                "request": {
                  "apiEndpoint": "[[concat(parameters('https://api.panoraysapp.com'), '/v2/findings/']",
                  "rateLimitQPS": 10,
                  "queryWindowInMin": 5,
                  "httpMethod": "GET",
                  "queryTimeFormat": "yyyy-MM-ddTHH:mm:ssZ",
                  "retryCount": 3,
                  "timeoutInSeconds": 60,
                  "headers": {
                    "Accept": "application/json",
                    "User-Agent": "PanoraysIntegration/1.0 (shay.n@panorays.com)"
                  }
                },
                "paging": {
                  "pagingType": "NextPageToken",
                  "PageSize": "1000",
                  "PageSizeParameterName": "limit",
                  "NextPageTokenJsonPath": "$.pagination.nextCursor",
                  "NextPageParaName": "cursor"
                },
                "response": {
                  "eventsJsonPaths": [
                    "$.data"
                  ]
                }
              }
            }
          ]
        },
        "packageKind": "Solution",
        "packageVersion": "[variables('_solutionVersion')]",
        "packageName": "[variables('_solutionName')]",
        "contentProductId": "[concat(take(variables('_solutionId'), 50),'-','rdc','-', uniqueString(concat(variables('_solutionId'),'-','ResourcesDataConnector','-',variables('_dataConnectorContentIdConnections1'),'-', variables('dataConnectorCCPVersion'))))]",
        "packageId": "[variables('_solutionId')]",
        "contentSchemaVersion": "3.0.0",
        "version": "[variables('dataConnectorCCPVersion')]"
      }
    },
    {
      "type": "Microsoft.OperationalInsights/workspaces/providers/contentPackages",
      "apiVersion": "2023-04-01-preview",
      "location": "[parameters('workspace-location')]",
      "properties": {
        "version": "3.0.0",
        "kind": "Solution",
        "contentSchemaVersion": "3.0.0",
        "displayName": "Panorays",
        "publisherDisplayName": "Microsoft Sentinel, Microsoft Corporation",
        "descriptionHtml": "<p><strong>Note:</strong> Please refer to the following before installing the solution:</p>\n<p>• Review the solution <a href=\"https://github.com/Azure/Azure-Sentinel/tree/master/Solutions/Panorays/ReleaseNotes.md\">Release Notes</a></p>\n<p>• There may be <a href=\"https://aka.ms/sentinelsolutionsknownissues\">known issues</a> pertaining to this Solution, please refer to them before installing.</p>\n<p>The <a href=\"https://www.panorays.com/\">Panorays</a> solution provides ability to bring Panorays company findings to your Microsoft Sentinel Workspace to inform and to examine potential security risks</p>\n<p><strong>Data Connectors:</strong> 1</p>\n<p><a href=\"https://aka.ms/azuresentinel\">Learn more about Microsoft Sentinel</a> | <a href=\"https://aka.ms/azuresentinelsolutionsdoc\">Learn more about Solutions</a></p>\n",
        "contentKind": "Solution",
        "contentProductId": "[variables('_solutioncontentProductId')]",
        "id": "[variables('_solutioncontentProductId')]",
        "icon": "<img src=\"https://panorays.com/wp-content/uploads/2022/07/panorays-logo.svg\" width=\"75px\" height=\"75px\">",
        "contentId": "[variables('_solutionId')]",
        "parentId": "[variables('_solutionId')]",
        "source": {
          "kind": "Solution",
          "name": "Panorays",
          "sourceId": "[variables('_solutionId')]"
        },
        "author": {
          "name": "Microsoft",
          "email": "[variables('_email')]"
        },
        "support": {
          "name": "Microsoft Corporation",
          "email": "support@microsoft.com",
          "tier": "Microsoft",
          "link": "https://support.microsoft.com"
        },
        "dependencies": {
          "operator": "AND",
          "criteria": [
            {
              "kind": "DataConnector",
              "contentId": "[variables('_dataConnectorContentIdConnections1')]",
              "version": "[variables('dataConnectorCCPVersion')]"
            }
          ]
        },
        "firstPublishDate": "2024-09-08",
        "providers": [
          "Panorays"
        ],
        "categories": {
          "domains": [
            "Security - Company Findings"
          ]
        }
      },
      "name": "[concat(parameters('workspace'),'/Microsoft.SecurityInsights/', variables('_solutionId'))]"
    }
  ],
  "outputs": {}
}
